repeats,design,requests,reviews,automatic_grants,grants_on_approved_record,grants_on_a_different_record,grants_to_a_different_user,authorizations_created,reviews_avoided,review_savings_pct
0,no-reuse,12,12,0,0,0,0,0,0,0.0
0,exact-record,12,12,0,0,0,0,6,0,0.0
0,property-fingerprint,12,8,4,0,4,0,2,4,33.33
1,no-reuse,18,18,0,0,0,0,0,0,0.0
1,exact-record,18,18,0,0,0,0,6,0,0.0
1,property-fingerprint,18,14,4,0,4,0,2,4,22.22
2,no-reuse,24,24,0,0,0,0,0,0,0.0
2,exact-record,24,24,0,0,0,0,6,0,0.0
2,property-fingerprint,24,20,4,0,4,0,2,4,16.67
