file,key,source_url,sha256,bytes
LLMxAI/2511.20284v2.pdf,Groschupp2025,https://arxiv.org/pdf/2511.20284v2,3b588b6687ae045deeeeac9af61b79fc95b32c41667e001d3604d68e34ec15ca,1014655
papers/reference_library/01_cited_in_current_manuscript/Akbarfam2023.pdf,Akbarfam2023,https://arxiv.org/pdf/2308.03927,495a6caca5aa62deda4d6279f8e0650f9d5d4fdb979ddc92d52f09dac4995f25,868706
papers/reference_library/01_cited_in_current_manuscript/AlAmin2025.pdf,,https://doi.org/10.5220/0013527000003979 (publisher page; PDF was placed by hand),668975e79a80a52277afd00dee16edf0579c81a36d28d37a07946b0aa84ef02a,2993078
papers/reference_library/01_cited_in_current_manuscript/Androulaki2018.pdf,Androulaki2018,https://arxiv.org/pdf/1801.10228,0c679377ab46697e3d598100fd749be7eebef9f74f164b15f7ea015f41c63bad,1094374
papers/reference_library/01_cited_in_current_manuscript/Brucker2009.pdf,Brucker2009,https://epub.uni-regensburg.de/8625/1/petritsch.pdf,f4a7988e781098c3c40fce7b84b6d9b84eb78a8f56bce464bf6b6f7b2d3c9504,840055
papers/reference_library/01_cited_in_current_manuscript/CJIS2024.pdf,,(no source URL recorded; manifest says the PDF was placed by hand),fb580d9d110fd9ac512c026eb881eb900c4f0a43d93d481628ba9bbae45b9c77,4557967
papers/reference_library/01_cited_in_current_manuscript/Cheng2025.pdf,Cheng2025,https://arxiv.org/pdf/2505.23835,36b4deedff3be871b2a31238a01937f94d12ece484c899764bd6576844809ba3,6174914
papers/reference_library/01_cited_in_current_manuscript/Chowdary2026.pdf,Chowdary2026,https://arxiv.org/pdf/2604.12850,a224061e2b0b437888e6bb13aeeb08bcdba7c06306e77f48f58d642626e8b76f,1726355
papers/reference_library/01_cited_in_current_manuscript/Debenedetti2025.pdf,Debenedetti2025,https://arxiv.org/pdf/2503.18813,c3719f6ce73eecf45e3764debef8a3d8ff8c9233b37d128c558b694ec3790cc7,5531468
papers/reference_library/01_cited_in_current_manuscript/Fleming2025.pdf,Fleming2025,https://arxiv.org/pdf/2510.11414,17bb8cce27cc68effd03650362995678c32abb77d0f13cbe4dd8f35882699681,335584
papers/reference_library/01_cited_in_current_manuscript/Ghaffari2023.pdf,Ghaffari2023,https://hal.science/hal-04184439v1/document,b84e85826a0398d2e463a39354b409cb2253e2ce9b5c05702cc5e8c88b3ced45,1994530
papers/reference_library/01_cited_in_current_manuscript/Greshake2023.pdf,Greshake2023,https://arxiv.org/pdf/2302.12173,428e23e8c7e4f89310e113e38d082b3f65548a8b887188ebc536099061800e81,7306999
papers/reference_library/01_cited_in_current_manuscript/Groschupp2025.pdf,Groschupp2025,https://arxiv.org/pdf/2511.20284,3b588b6687ae045deeeeac9af61b79fc95b32c41667e001d3604d68e34ec15ca,1014655
papers/reference_library/01_cited_in_current_manuscript/Guo2019.pdf,Guo2019,https://arxiv.org/pdf/1906.01188,9e38fb9c61438fedfca5a6fd3054debcf021b36d434b88889816e5465f466b11,1007199
papers/reference_library/01_cited_in_current_manuscript/HaselMehri2025.pdf,HaselMehri2025,https://pure.tue.nl/ws/files/369580886/3734436.3734439.pdf,3ee3abf8c8781d1400283311e1028dbe0adc51892129ac281716898a52a778dd,1341745
papers/reference_library/01_cited_in_current_manuscript/Hu2014.pdf,Hu2014,https://nvlpubs.nist.gov/nistpubs/specialpublications/NIST.SP.800-162.pdf,ea90ee967a7011c8de5cfaffe0820d157167edefdea5fc2a84af730af4295cd7,1863313
papers/reference_library/01_cited_in_current_manuscript/Maesa2019b.pdf,Maesa2019b,https://www.repository.cam.ac.uk/bitstreams/8b2b29dc-c762-4183-a88b-ce45cad7c797/download,f518af4f52b0eb3c824506b27b49193fe456d2b6721e9953551ddafcbe746181,1348626
papers/reference_library/01_cited_in_current_manuscript/Manavi2026.pdf,Manavi2026,https://arxiv.org/pdf/2606.13798,cd9985269242dca13f416a102d529d9e3bbbdbe8ded7c945a77a25d4f9f5c9d2,683549
papers/reference_library/01_cited_in_current_manuscript/Mukherjee2020.pdf,Mukherjee2020,https://www.sinconf.org/sin2020/docs/4.pdf,514176433cdd3e5e8911259a56f590910021ab6755338a7bc50bac32d31938a2,560143
papers/reference_library/01_cited_in_current_manuscript/Nekouie2026.pdf,Nekouie2026,https://www.nature.com/articles/s41598-026-39690-2_reference.pdf,92d1bf5e07bdf43d8fcfa03e268a0577f70e074e973c31e36dafd635dce1ff17,1025123
papers/reference_library/01_cited_in_current_manuscript/Qwen3TR2025.pdf,Qwen3TR2025,https://arxiv.org/pdf/2505.09388,84a5e2b1fa04bb774bf12ae606d1e6d9dd2147ed2ebe78a4cfeb91ba380ffdd5,779424
papers/reference_library/01_cited_in_current_manuscript/Ramazhamba2023.pdf,Ramazhamba2023,https://researchspace.csir.co.za/bitstream/handle/10204/13368/RS_27272_NGEI_A%20Blockchain%20Model%20for%20Sharing%20Information%20In%20Criminal%20Justice%20Systems_202310.pdf,d44fa2dbebe929e3aa20189d2a2ac857a7fca802d9212c6ea283e5f53c3c9c5e,700633
papers/reference_library/01_cited_in_current_manuscript/Rose2020.pdf,Rose2020,https://nvlpubs.nist.gov/nistpubs/SpecialPublications/NIST.SP.800-207.pdf,0290d6ece24874287316f4bf430fef770aa4ec08a2227c8f2c1e5b2ff975e03d,966908
papers/reference_library/01_cited_in_current_manuscript/Vasconcelos2023.pdf,Vasconcelos2023,https://arxiv.org/pdf/2212.06823,a3e3e19b701043b86ab407ec0b279d9a1f303a874f38458580ba41013be0c15d,2351173
papers/reference_library/01_cited_in_current_manuscript/Wachter2018.pdf,Wachter2018,https://arxiv.org/pdf/1711.00399,0be7e3af150b447d04d7cbe4570d98c118321e4660e23de81cf7a04e0da3e5bf,1118240
papers/reference_library/01_cited_in_current_manuscript/Xu2018.pdf,Xu2018,https://arxiv.org/pdf/1804.09267,c2c12b27d739eacc6558ae600c0d0d02653cd5409e995af9d3a110fe96b87ab4,416608
papers/reference_library/01_cited_in_current_manuscript/Zisad2026.pdf,Zisad2026,https://arxiv.org/pdf/2602.09392,32aead24bffd7632dbc683f550e4966d67b100f31657a040069a58ff7c53a779,502063
papers/reference_library/02_supporting_bibliography/Bernstein2012.pdf,Bernstein2012,https://link.springer.com/content/pdf/10.1007/s13389-012-0027-1.pdf,28d371bf080a6060c8e23182dd8e6300a8ee91284d3e88452ca666fe1b66d655,300105
papers/reference_library/02_supporting_bibliography/Brodersen2010.pdf,Brodersen2010,https://cheng-soon.ong-home.my/papers/brodersen10post-balacc.pdf,ab6d144f596e95f180b284ce83a4a3fbb0c58874db671bfe2cfeb755f4e86c75,582559
papers/reference_library/02_supporting_bibliography/Chen2024ZKML.pdf,Chen2024ZKML,https://ddkang.github.io/papers/2024/zkml-eurosys.pdf,ac7b5e3fb44bafc445e0506cda8d4696ed2d8733bebe6d599897274d57740295,973543
papers/reference_library/02_supporting_bibliography/Chen2025StruQ.pdf,Chen2025StruQ,https://www.usenix.org/system/files/usenixsecurity25-chen-sizhe.pdf,322be0fd6d305a362fc2571fb7b779df6ed3761a19f75f9828d9498d3fc71926,560992
papers/reference_library/02_supporting_bibliography/Dettmers2023QLoRA.pdf,Dettmers2023QLoRA,https://arxiv.org/pdf/2305.14314,33a4e757c19d6ea8d3cca8958fce8fe405e290272e135c99ee66065c775d5bd1,1065470
papers/reference_library/02_supporting_bibliography/Geirhos2020.pdf,Geirhos2020,https://arxiv.org/pdf/2004.07780,da93a1633b56f6590836afaf3794c6131d38d53629e2cf9d219deb274d91ec15,4158487
papers/reference_library/02_supporting_bibliography/Geng2023.pdf,Geng2023,https://aclanthology.org/2023.emnlp-main.674.pdf,38372e463f8b7142390bd15bcf57dbbac65fc330c693b125d250153e585a1b61,1566937
papers/reference_library/02_supporting_bibliography/Hu2022LoRA.pdf,Hu2022LoRA,https://arxiv.org/pdf/2106.09685,e9a0d3128767db616085dc0f4e6e455e672e89af823e8ed1282793682787395a,1609513
papers/reference_library/02_supporting_bibliography/Kapoor2023.pdf,Kapoor2023,https://par.nsf.gov/servlets/purl/10513990,cc1c8a2b8430f7fecf5283f8a5bda5d2eaae599e20282e4588effa2a0b11cd6b,4099465
papers/reference_library/02_supporting_bibliography/Liu2024PI.pdf,Liu2024PI,https://www.usenix.org/system/files/usenixsecurity24-liu-yupei.pdf,9adb2f4e55bf9bfd171f7ddfc2c5f46c168f1cd28326101552b81fd2ebd2aaec,2751929
papers/reference_library/02_supporting_bibliography/Ongaro2014.pdf,Ongaro2014,https://www.usenix.org/system/files/conference/atc14/atc14-paper-ongaro.pdf,e6345fcba31cbc747ab41755aa62654859c4403dbb687da0021079f78181a7b5,609953
papers/reference_library/02_supporting_bibliography/Sun2024zkLLM.pdf,Sun2024zkLLM,https://arxiv.org/pdf/2404.16109,39f2a2f29457072573574c21ca9da7e0bbca756bf7031dd877f3c366f1e2ad7d,1116955
papers/reference_library/02_supporting_bibliography/Wilson1927.pdf,Wilson1927,https://jhanley.biostat.mcgill.ca/c607/ch08/wilson_jasa_1927.pdf,c2fc82b5c7c3fca821d8451dcaae82a047310b32b5bcfb2a4268362a1a438735,339498
papers/reference_library/03_methodology_and_benchmark_papers/InterSnap.pdf,InterSnap,user-library/2511.16560v1.pdf,5065cce6a06afe9eb3b36111b505a22c959cce634ad04c7e854bb0379f929918,5032663
papers/reference_library/03_methodology_and_benchmark_papers/Paillisse2019.pdf,Paillisse2019,https://arxiv.org/pdf/1901.03568,a1a4f3303291311d7c806a6e178b9ae85ef3104b97972196bdb78d3e04b539f8,692321
papers/reference_library/03_methodology_and_benchmark_papers/Rouhani2019.pdf,Rouhani2019,https://arxiv.org/pdf/1901.09873,a90bba7baaf316d3864db49e2e0740749be7dfbdc1ce96937cfbe5d519507e2a,626436
reports/research/20260905_related_work/llm_sources/dlbac_2203.15124v1.pdf,,https://arxiv.org/pdf/2203.15124v1,1a7a35a9a57b1df08ce934da21192e7b5380f356853d88413df7fe1472d1c8a1,4068414
reports/research/20260905_related_work/llm_sources/groschupp_2511.20284v2.pdf,,https://arxiv.org/pdf/2511.20284v2,3b588b6687ae045deeeeac9af61b79fc95b32c41667e001d3604d68e34ec15ca,1014655
reports/research/20260905_related_work/llm_sources/lace_2505.23835v1.pdf,,https://arxiv.org/pdf/2505.23835v1,36b4deedff3be871b2a31238a01937f94d12ece484c899764bd6576844809ba3,6174914
reports/research/20260905_related_work/llm_sources/llmac_2602.09392v1.pdf,,https://arxiv.org/pdf/2602.09392v1,32aead24bffd7632dbc683f550e4966d67b100f31657a040069a58ff7c53a779,502063
reports/research/20260905_related_work/llm_sources/mai_2025.pdf,,https://www.scitepress.org/Papers/2025/132255/132255.pdf,ac7bddbd01397a761c702c1dce974c6be25777ecd65deaef8a04295b9ebecd4c,1139290
reports/research/20260905_related_work/llm_sources/sok_2310.03292.pdf,,https://arxiv.org/pdf/2310.03292,1e9aafdbdb456e7e6f630b8e6ebfbba59bc0fa769054fe0dbccce1ffb3d241b8,7146147
reports/research/20260905_related_work/oracle_sources/town_crier.pdf,,https://doi.org/10.1145/2976749.2978326 (identifier in recovered_candidates_UNVERIFIED.json),221588db6bd36aa8515f454320fbeaee8c93c11f0f6022e302ad8529b37dc019,506909
