epoch_s,model_cpu_cores,model_rss_bytes,mac_cpu_pct_of_all_cores,mac_cpu_cores_used,mac_memory_used_bytes,mac_memory_total_bytes,gpu_utilization_pct,gpu_in_use_memory_bytes
1790343533.740,0.001,1812955136,14.40,2.304,43573329920,68719476736,0,1004961792
1790343538.797,0.001,1812955136,14.60,2.336,43513364480,68719476736,0,1013841920
1790343543.853,0.001,1812955136,15.00,2.400,44016140288,68719476736,43,1001734144
1790343548.894,0.001,1812955136,14.50,2.320,43799707648,68719476736,0,968491008
1790343553.931,0.001,1812955136,13.60,2.176,43626577920,68719476736,0,1111785472
1790343558.976,0.001,1812955136,13.60,2.176,43868520448,68719476736,4,1028489216
1790343564.015,0.001,1812955136,15.40,2.464,44151848960,68719476736,5,1293664256
1790343569.054,0.001,1812955136,13.60,2.176,43687657472,68719476736,49,672940032
1790343574.094,0.001,1812955136,12.50,2.000,43606343680,68719476736,0,1021329408
1790343579.129,0.001,1812971520,13.70,2.192,43626938368,68719476736,0,1010843648
1790343584.163,0.001,1812971520,13.60,2.176,43596464128,68719476736,0,951615488
1790343589.199,0.001,1812971520,22.50,3.600,43686363136,68719476736,0,1006977024
1790343594.253,0.001,1812971520,23.00,3.680,43662458880,68719476736,0,1107181568
1790343599.299,0.001,1812971520,13.50,2.160,43616043008,68719476736,3,1019805696
1790343604.343,0.080,2835038208,16.40,2.624,47107260416,68719476736,0,1209712640
1790343609.406,0.970,2971779072,27.30,4.368,56712773632,68719476736,0,19133497344
1790343614.437,0.198,3018948608,14.20,2.272,47953690624,68719476736,99,13932707840
1790343619.463,0.304,3022405632,18.10,2.896,48315219968,68719476736,95,14074494976
1790343624.498,0.210,3022667776,15.50,2.480,47425093632,68719476736,97,13316554752
1790343629.528,0.187,3025289216,14.10,2.256,49866457088,68719476736,97,15846326272
1790343634.570,0.257,3025960960,14.40,2.304,48626253824,68719476736,96,14241546240
1790343639.614,0.199,3026468864,12.60,2.016,47651667968,68719476736,97,13327155200
1790343644.641,0.141,3026468864,13.60,2.176,49748934656,68719476736,98,15455043584
1790343649.671,0.335,3026518016,13.80,2.208,48602595328,68719476736,94,14226931712
1790343654.705,0.150,3027091456,13.20,2.112,47734439936,68719476736,98,13083541504
1790343659.739,0.261,3027124224,13.60,2.176,49156603904,68719476736,96,14333935616
1790343664.793,0.234,3027140608,14.10,2.256,48060497920,68719476736,96,13354254336
1790343669.829,0.093,3027533824,12.50,2.000,47814721536,68719476736,99,13012189184
1790343674.862,0.264,3027533824,13.50,2.160,48763469824,68719476736,96,13921681408
1790343679.904,0.205,3027943424,13.70,2.192,48276275200,68719476736,97,13948862464
1790343684.943,0.146,3027943424,14.00,2.240,49599987712,68719476736,98,15093481472
1790343689.981,0.372,3028090880,14.60,2.336,47928442880,68719476736,93,13311066112
1790343695.019,0.097,3028090880,13.30,2.128,47878291456,68719476736,99,13330907136
1790343700.047,0.228,3028090880,12.80,2.048,48951083008,68719476736,96,14059487232
1790343705.084,0.254,3028107264,15.60,2.496,48600514560,68719476736,96,14211268608
1790343710.124,0.047,3028074496,13.70,2.192,46647869440,68719476736,94,1001177088
1790343715.159,0.001,3028074496,14.70,2.352,44828557312,68719476736,0,1022181376
1790343720.218,0.040,3028107264,16.90,2.704,45973209088,68719476736,0,10014736384
1790343725.240,0.397,3029057536,15.90,2.544,48533651456,68719476736,93,14169210880
1790343730.279,0.202,3029057536,12.70,2.032,49588682752,68719476736,96,15131541504
1790343735.327,0.265,3029057536,14.30,2.288,48003153920,68719476736,96,13581713408
1790343740.365,0.327,3029090304,14.10,2.256,48743317504,68719476736,94,13852016640
1790343745.407,0.389,3029123072,14.70,2.352,48456073216,68719476736,93,13395050496
1790343750.448,0.156,3029090304,14.40,2.304,48383246336,68719476736,93,1890762752
1790343755.486,0.001,3029073920,22.40,3.584,44904742912,68719476736,0,1007403008
1790343760.515,0.001,3029073920,24.20,3.872,42913857536,68719476736,3,863748096
1790343765.543,0.305,3029106688,13.90,2.224,48774692864,68719476736,93,14189821952
1790343770.573,0.331,3029172224,15.60,2.496,49576968192,68719476736,93,14285144064
1790343775.598,0.376,3029172224,13.40,2.144,49242898432,68719476736,93,13927464960
1790343780.620,0.363,3029155840,14.40,2.304,48266412032,68719476736,94,13272154112
1790343785.641,0.308,3028369408,14.00,2.240,48321593344,68719476736,93,13460275200
1790343790.669,0.001,3028369408,20.60,3.296,45794705408,68719476736,0,731070464
1790343795.691,0.001,3028369408,18.80,3.008,42645274624,68719476736,24,414777344
1790343800.722,0.001,3028369408,15.00,2.400,42749607936,68719476736,3,1629634560
1790343805.752,0.001,3028369408,13.90,2.224,42353524736,68719476736,3,1175109632
1790343810.796,0.001,3028369408,20.10,3.216,42169712640,68719476736,20,761233408
1790343815.838,0.001,3028369408,13.80,2.208,42237100032,68719476736,0,750239744
1790343820.870,0.001,3028369408,17.80,2.848,42908729344,68719476736,27,1340293120
1790343825.907,0.001,3028369408,15.40,2.464,43008786432,68719476736,25,1227046912
1790343830.945,0.001,3028369408,19.30,3.088,43125964800,68719476736,25,3057401856
1790343835.969,0.001,3028369408,22.00,3.520,43441291264,68719476736,19,1735393280
1790343841.003,0.001,3028369408,17.50,2.800,42858594304,68719476736,6,1479065600
1790343846.043,0.001,3028369408,15.40,2.464,42834870272,68719476736,6,1426964480
1790343851.089,0.001,3028369408,20.50,3.280,43031986176,68719476736,24,1260306432
1790343856.140,0.001,3028369408,14.00,2.240,42683432960,68719476736,0,1276592128
