concurrentUsers,recordId,username,ok,status,elapsedMs
1,LOAD-2026-08-21T11-52-13-N1-000,sho.reddy,true,201,2042.087167
10,LOAD-2026-08-21T11-52-13-N10-000,sho.reddy,true,201,76.737333
10,LOAD-2026-08-21T11-52-13-N10-001,insp.sharma,true,201,79.467375
10,LOAD-2026-08-21T11-52-13-N10-002,const.verma,true,201,78.596583
10,LOAD-2026-08-21T11-52-13-N10-003,io.krishnan,true,201,76.560458
10,LOAD-2026-08-21T11-52-13-N10-004,insp.singh,true,201,73.396125
10,LOAD-2026-08-21T11-52-13-N10-005,sho.reddy,true,201,74.971666
10,LOAD-2026-08-21T11-52-13-N10-006,insp.sharma,true,201,77.266375
10,LOAD-2026-08-21T11-52-13-N10-007,const.verma,true,201,73.259125
10,LOAD-2026-08-21T11-52-13-N10-008,io.krishnan,true,201,70.994708
10,LOAD-2026-08-21T11-52-13-N10-009,insp.singh,true,201,73.767083
20,LOAD-2026-08-21T11-52-13-N20-000,sho.reddy,true,201,86.615666
20,LOAD-2026-08-21T11-52-13-N20-001,insp.sharma,true,201,85.2805
20,LOAD-2026-08-21T11-52-13-N20-002,const.verma,true,201,86.636458
20,LOAD-2026-08-21T11-52-13-N20-003,io.krishnan,true,201,86.371084
20,LOAD-2026-08-21T11-52-13-N20-004,insp.singh,true,201,85.829875
20,LOAD-2026-08-21T11-52-13-N20-005,sho.reddy,true,201,87.60375
20,LOAD-2026-08-21T11-52-13-N20-006,insp.sharma,true,201,83.823917
20,LOAD-2026-08-21T11-52-13-N20-007,const.verma,true,201,84.26725
20,LOAD-2026-08-21T11-52-13-N20-008,io.krishnan,true,201,82.738208
20,LOAD-2026-08-21T11-52-13-N20-009,insp.singh,true,201,83.2665
20,LOAD-2026-08-21T11-52-13-N20-010,sho.reddy,true,201,109.887667
20,LOAD-2026-08-21T11-52-13-N20-011,insp.sharma,true,201,108.302416
20,LOAD-2026-08-21T11-52-13-N20-012,const.verma,true,201,110.735125
20,LOAD-2026-08-21T11-52-13-N20-013,io.krishnan,true,201,106.71675
20,LOAD-2026-08-21T11-52-13-N20-014,insp.singh,true,201,109.974625
20,LOAD-2026-08-21T11-52-13-N20-015,sho.reddy,true,201,105.51525
20,LOAD-2026-08-21T11-52-13-N20-016,insp.sharma,true,201,107.259625
20,LOAD-2026-08-21T11-52-13-N20-017,const.verma,true,201,108.609875
20,LOAD-2026-08-21T11-52-13-N20-018,io.krishnan,true,201,107.991042
20,LOAD-2026-08-21T11-52-13-N20-019,insp.singh,true,201,108.72925
40,LOAD-2026-08-21T11-52-13-N40-000,sho.reddy,true,201,110.683625
40,LOAD-2026-08-21T11-52-13-N40-001,insp.sharma,true,201,109.055542
40,LOAD-2026-08-21T11-52-13-N40-002,const.verma,true,201,109.454542
40,LOAD-2026-08-21T11-52-13-N40-003,io.krishnan,true,201,112.393875
40,LOAD-2026-08-21T11-52-13-N40-004,insp.singh,true,201,108.154459
40,LOAD-2026-08-21T11-52-13-N40-005,sho.reddy,true,201,110.399708
40,LOAD-2026-08-21T11-52-13-N40-006,insp.sharma,true,201,111.75775
40,LOAD-2026-08-21T11-52-13-N40-007,const.verma,true,201,112.991042
40,LOAD-2026-08-21T11-52-13-N40-008,io.krishnan,true,201,107.397792
40,LOAD-2026-08-21T11-52-13-N40-009,insp.singh,true,201,113.451583
40,LOAD-2026-08-21T11-52-13-N40-010,sho.reddy,true,201,141.572875
40,LOAD-2026-08-21T11-52-13-N40-011,insp.sharma,true,201,140.168959
40,LOAD-2026-08-21T11-52-13-N40-012,const.verma,true,201,143.329792
40,LOAD-2026-08-21T11-52-13-N40-013,io.krishnan,true,201,141.695083
40,LOAD-2026-08-21T11-52-13-N40-014,insp.singh,true,201,139.798708
40,LOAD-2026-08-21T11-52-13-N40-015,sho.reddy,true,201,138.538125
40,LOAD-2026-08-21T11-52-13-N40-016,insp.sharma,true,201,141.129
40,LOAD-2026-08-21T11-52-13-N40-017,const.verma,true,201,144.712833
40,LOAD-2026-08-21T11-52-13-N40-018,io.krishnan,true,201,137.6695
40,LOAD-2026-08-21T11-52-13-N40-019,insp.singh,true,201,141.433125
40,LOAD-2026-08-21T11-52-13-N40-020,sho.reddy,true,201,168.135792
40,LOAD-2026-08-21T11-52-13-N40-021,insp.sharma,true,201,167.661792
40,LOAD-2026-08-21T11-52-13-N40-022,const.verma,true,201,167.151625
40,LOAD-2026-08-21T11-52-13-N40-023,io.krishnan,true,201,168.324834
40,LOAD-2026-08-21T11-52-13-N40-024,insp.singh,true,201,201.154083
40,LOAD-2026-08-21T11-52-13-N40-025,sho.reddy,true,201,168.64475
40,LOAD-2026-08-21T11-52-13-N40-026,insp.sharma,true,201,199.599417
40,LOAD-2026-08-21T11-52-13-N40-027,const.verma,true,201,199.016083
40,LOAD-2026-08-21T11-52-13-N40-028,io.krishnan,true,201,169.449333
40,LOAD-2026-08-21T11-52-13-N40-029,insp.singh,true,201,169.804875
40,LOAD-2026-08-21T11-52-13-N40-030,sho.reddy,true,201,168.781334
40,LOAD-2026-08-21T11-52-13-N40-031,insp.sharma,true,201,166.01525
40,LOAD-2026-08-21T11-52-13-N40-032,const.verma,true,201,199.626916
40,LOAD-2026-08-21T11-52-13-N40-033,io.krishnan,true,201,199.08025
40,LOAD-2026-08-21T11-52-13-N40-034,insp.singh,true,201,169.865834
40,LOAD-2026-08-21T11-52-13-N40-035,sho.reddy,true,201,203.449208
40,LOAD-2026-08-21T11-52-13-N40-036,insp.sharma,true,201,219.291334
40,LOAD-2026-08-21T11-52-13-N40-037,const.verma,true,201,220.864333
40,LOAD-2026-08-21T11-52-13-N40-038,io.krishnan,true,201,219.827208
40,LOAD-2026-08-21T11-52-13-N40-039,insp.singh,true,201,220.232458
50,LOAD-2026-08-21T11-52-13-N50-000,sho.reddy,true,201,123.2615
50,LOAD-2026-08-21T11-52-13-N50-001,insp.sharma,true,201,119.255917
50,LOAD-2026-08-21T11-52-13-N50-002,const.verma,true,201,121.707625
50,LOAD-2026-08-21T11-52-13-N50-003,io.krishnan,true,201,122.001208
50,LOAD-2026-08-21T11-52-13-N50-004,insp.singh,true,201,122.292375
50,LOAD-2026-08-21T11-52-13-N50-005,sho.reddy,true,201,119.708125
50,LOAD-2026-08-21T11-52-13-N50-006,insp.sharma,true,201,120.865584
50,LOAD-2026-08-21T11-52-13-N50-007,const.verma,true,201,117.781792
50,LOAD-2026-08-21T11-52-13-N50-008,io.krishnan,true,201,120.317875
50,LOAD-2026-08-21T11-52-13-N50-009,insp.singh,true,201,163.554083
50,LOAD-2026-08-21T11-52-13-N50-010,sho.reddy,true,201,119.864
50,LOAD-2026-08-21T11-52-13-N50-011,insp.sharma,true,201,162.566583
50,LOAD-2026-08-21T11-52-13-N50-012,const.verma,true,201,163.976125
50,LOAD-2026-08-21T11-52-13-N50-013,io.krishnan,true,201,164.04925
50,LOAD-2026-08-21T11-52-13-N50-014,insp.singh,true,201,164.082958
50,LOAD-2026-08-21T11-52-13-N50-015,sho.reddy,true,201,164.531417
50,LOAD-2026-08-21T11-52-13-N50-016,insp.sharma,true,201,164.139084
50,LOAD-2026-08-21T11-52-13-N50-017,const.verma,true,201,164.162041
50,LOAD-2026-08-21T11-52-13-N50-018,io.krishnan,true,201,164.182292
50,LOAD-2026-08-21T11-52-13-N50-019,insp.singh,true,201,163.839041
50,LOAD-2026-08-21T11-52-13-N50-020,sho.reddy,true,201,186.914375
50,LOAD-2026-08-21T11-52-13-N50-021,insp.sharma,true,201,185.675333
50,LOAD-2026-08-21T11-52-13-N50-022,const.verma,true,201,185.076416
50,LOAD-2026-08-21T11-52-13-N50-023,io.krishnan,true,201,186.186083
50,LOAD-2026-08-21T11-52-13-N50-024,insp.singh,true,201,188.190083
50,LOAD-2026-08-21T11-52-13-N50-025,sho.reddy,true,201,184.269917
50,LOAD-2026-08-21T11-52-13-N50-026,insp.sharma,true,201,208.408167
50,LOAD-2026-08-21T11-52-13-N50-027,const.verma,true,201,189.047625
50,LOAD-2026-08-21T11-52-13-N50-028,io.krishnan,true,201,188.437791
50,LOAD-2026-08-21T11-52-13-N50-029,insp.singh,true,201,187.11525
50,LOAD-2026-08-21T11-52-13-N50-030,sho.reddy,true,201,189.302167
50,LOAD-2026-08-21T11-52-13-N50-031,insp.sharma,true,201,208.424625
50,LOAD-2026-08-21T11-52-13-N50-032,const.verma,true,201,205.624291
50,LOAD-2026-08-21T11-52-13-N50-033,io.krishnan,true,201,208.086667
50,LOAD-2026-08-21T11-52-13-N50-034,insp.singh,true,201,207.716292
50,LOAD-2026-08-21T11-52-13-N50-035,sho.reddy,true,201,208.044334
50,LOAD-2026-08-21T11-52-13-N50-036,insp.sharma,true,201,232.639375
50,LOAD-2026-08-21T11-52-13-N50-037,const.verma,true,201,207.349916
50,LOAD-2026-08-21T11-52-13-N50-038,io.krishnan,true,201,208.063333
50,LOAD-2026-08-21T11-52-13-N50-039,insp.singh,true,201,205.883541
50,LOAD-2026-08-21T11-52-13-N50-040,sho.reddy,true,201,231.036792
50,LOAD-2026-08-21T11-52-13-N50-041,insp.sharma,true,201,207.375
50,LOAD-2026-08-21T11-52-13-N50-042,const.verma,true,201,263.738625
50,LOAD-2026-08-21T11-52-13-N50-043,io.krishnan,true,201,230.551208
50,LOAD-2026-08-21T11-52-13-N50-044,insp.singh,true,201,262.102
50,LOAD-2026-08-21T11-52-13-N50-045,sho.reddy,true,201,261.545625
50,LOAD-2026-08-21T11-52-13-N50-046,insp.sharma,true,201,260.162333
50,LOAD-2026-08-21T11-52-13-N50-047,const.verma,true,201,262.881917
50,LOAD-2026-08-21T11-52-13-N50-048,io.krishnan,true,201,262.520125
50,LOAD-2026-08-21T11-52-13-N50-049,insp.singh,true,201,262.545208
75,LOAD-2026-08-21T11-52-13-N75-000,sho.reddy,true,201,141.570875
75,LOAD-2026-08-21T11-52-13-N75-001,insp.sharma,true,201,141.570083
75,LOAD-2026-08-21T11-52-13-N75-002,const.verma,true,201,139.217875
75,LOAD-2026-08-21T11-52-13-N75-003,io.krishnan,true,201,141.816958
75,LOAD-2026-08-21T11-52-13-N75-004,insp.singh,true,201,142.1895
75,LOAD-2026-08-21T11-52-13-N75-005,sho.reddy,true,201,142.57225
75,LOAD-2026-08-21T11-52-13-N75-006,insp.sharma,true,201,190.6665
75,LOAD-2026-08-21T11-52-13-N75-007,const.verma,true,201,143.132208
75,LOAD-2026-08-21T11-52-13-N75-008,io.krishnan,true,201,143.840542
75,LOAD-2026-08-21T11-52-13-N75-009,insp.singh,true,201,133.607584
75,LOAD-2026-08-21T11-52-13-N75-010,sho.reddy,true,201,144.38025
75,LOAD-2026-08-21T11-52-13-N75-011,insp.sharma,true,201,192.649167
75,LOAD-2026-08-21T11-52-13-N75-012,const.verma,true,201,220.8145
75,LOAD-2026-08-21T11-52-13-N75-013,io.krishnan,true,201,195.502917
75,LOAD-2026-08-21T11-52-13-N75-014,insp.singh,true,201,189.14825
75,LOAD-2026-08-21T11-52-13-N75-015,sho.reddy,true,201,221.783708
75,LOAD-2026-08-21T11-52-13-N75-016,insp.sharma,true,201,190.633375
75,LOAD-2026-08-21T11-52-13-N75-017,const.verma,true,201,191.052334
75,LOAD-2026-08-21T11-52-13-N75-018,io.krishnan,true,201,189.476291
75,LOAD-2026-08-21T11-52-13-N75-019,insp.singh,true,201,191.3575
75,LOAD-2026-08-21T11-52-13-N75-020,sho.reddy,true,201,191.636333
75,LOAD-2026-08-21T11-52-13-N75-021,insp.sharma,true,201,221.969833
75,LOAD-2026-08-21T11-52-13-N75-022,const.verma,true,201,192.469208
75,LOAD-2026-08-21T11-52-13-N75-023,io.krishnan,true,201,222.3415
75,LOAD-2026-08-21T11-52-13-N75-024,insp.singh,true,201,219.466792
75,LOAD-2026-08-21T11-52-13-N75-025,sho.reddy,true,201,222.620083
75,LOAD-2026-08-21T11-52-13-N75-026,insp.sharma,true,201,223.334167
75,LOAD-2026-08-21T11-52-13-N75-027,const.verma,true,201,222.915875
75,LOAD-2026-08-21T11-52-13-N75-028,io.krishnan,true,201,220.770667
75,LOAD-2026-08-21T11-52-13-N75-029,insp.singh,true,201,251.094667
75,LOAD-2026-08-21T11-52-13-N75-030,sho.reddy,true,201,248.459875
75,LOAD-2026-08-21T11-52-13-N75-031,insp.sharma,true,201,247.9115
75,LOAD-2026-08-21T11-52-13-N75-032,const.verma,true,201,214.453917
75,LOAD-2026-08-21T11-52-13-N75-033,io.krishnan,true,201,248.801666
75,LOAD-2026-08-21T11-52-13-N75-034,insp.singh,true,201,249.944583
75,LOAD-2026-08-21T11-52-13-N75-035,sho.reddy,true,201,251.417417
75,LOAD-2026-08-21T11-52-13-N75-036,insp.sharma,true,201,247.121
75,LOAD-2026-08-21T11-52-13-N75-037,const.verma,true,201,249.289333
75,LOAD-2026-08-21T11-52-13-N75-038,io.krishnan,true,201,250.327792
75,LOAD-2026-08-21T11-52-13-N75-039,insp.singh,true,201,251.7545
75,LOAD-2026-08-21T11-52-13-N75-040,sho.reddy,true,201,271.429958
75,LOAD-2026-08-21T11-52-13-N75-041,insp.sharma,true,201,296.100458
75,LOAD-2026-08-21T11-52-13-N75-042,const.verma,true,201,295.122125
75,LOAD-2026-08-21T11-52-13-N75-043,io.krishnan,true,201,272.976917
75,LOAD-2026-08-21T11-52-13-N75-044,insp.singh,true,201,270.595125
75,LOAD-2026-08-21T11-52-13-N75-045,sho.reddy,true,201,271.659458
75,LOAD-2026-08-21T11-52-13-N75-046,insp.sharma,true,201,273.07725
75,LOAD-2026-08-21T11-52-13-N75-047,const.verma,true,201,295.5055
75,LOAD-2026-08-21T11-52-13-N75-048,io.krishnan,true,201,272.2905
75,LOAD-2026-08-21T11-52-13-N75-049,insp.singh,true,201,271.949
75,LOAD-2026-08-21T11-52-13-N75-050,sho.reddy,true,201,270.684625
75,LOAD-2026-08-21T11-52-13-N75-051,insp.sharma,true,201,268.985833
75,LOAD-2026-08-21T11-52-13-N75-052,const.verma,true,201,352.952042
75,LOAD-2026-08-21T11-52-13-N75-053,io.krishnan,true,201,269.680708
75,LOAD-2026-08-21T11-52-13-N75-054,insp.singh,true,201,295.958292
75,LOAD-2026-08-21T11-52-13-N75-055,sho.reddy,true,201,355.914416
75,LOAD-2026-08-21T11-52-13-N75-056,insp.sharma,true,201,353.212375
75,LOAD-2026-08-21T11-52-13-N75-057,const.verma,true,201,354.429417
75,LOAD-2026-08-21T11-52-13-N75-058,io.krishnan,true,201,326.286541
75,LOAD-2026-08-21T11-52-13-N75-059,insp.singh,true,201,354.592458
75,LOAD-2026-08-21T11-52-13-N75-060,sho.reddy,true,201,354.930625
75,LOAD-2026-08-21T11-52-13-N75-061,insp.sharma,true,201,328.219083
75,LOAD-2026-08-21T11-52-13-N75-062,const.verma,true,201,326.731875
75,LOAD-2026-08-21T11-52-13-N75-063,io.krishnan,true,201,353.297208
75,LOAD-2026-08-21T11-52-13-N75-064,insp.singh,true,201,325.660458
75,LOAD-2026-08-21T11-52-13-N75-065,sho.reddy,true,201,396.61
75,LOAD-2026-08-21T11-52-13-N75-066,insp.sharma,true,201,395.907625
75,LOAD-2026-08-21T11-52-13-N75-067,const.verma,true,201,295.82225
75,LOAD-2026-08-21T11-52-13-N75-068,io.krishnan,true,201,354.207166
75,LOAD-2026-08-21T11-52-13-N75-069,insp.singh,true,201,323.9715
75,LOAD-2026-08-21T11-52-13-N75-070,sho.reddy,true,201,292.279042
75,LOAD-2026-08-21T11-52-13-N75-071,insp.sharma,true,201,352.474916
75,LOAD-2026-08-21T11-52-13-N75-072,const.verma,true,201,395.829375
75,LOAD-2026-08-21T11-52-13-N75-073,io.krishnan,true,201,354.52425
75,LOAD-2026-08-21T11-52-13-N75-074,insp.singh,true,201,325.818209
100,LOAD-2026-08-21T11-52-13-N100-000,sho.reddy,true,201,135.626917
100,LOAD-2026-08-21T11-52-13-N100-001,insp.sharma,true,201,137.49375
100,LOAD-2026-08-21T11-52-13-N100-002,const.verma,true,201,236.407291
100,LOAD-2026-08-21T11-52-13-N100-003,io.krishnan,true,201,181.145042
100,LOAD-2026-08-21T11-52-13-N100-004,insp.singh,true,201,237.304541
100,LOAD-2026-08-21T11-52-13-N100-005,sho.reddy,true,201,135.9535
100,LOAD-2026-08-21T11-52-13-N100-006,insp.sharma,true,201,134.881791
100,LOAD-2026-08-21T11-52-13-N100-007,const.verma,true,201,135.214959
100,LOAD-2026-08-21T11-52-13-N100-008,io.krishnan,true,201,182.396959
100,LOAD-2026-08-21T11-52-13-N100-009,insp.singh,true,201,181.621083
100,LOAD-2026-08-21T11-52-13-N100-010,sho.reddy,true,201,135.17
100,LOAD-2026-08-21T11-52-13-N100-011,insp.sharma,true,201,136.987542
100,LOAD-2026-08-21T11-52-13-N100-012,const.verma,true,201,127.811209
100,LOAD-2026-08-21T11-52-13-N100-013,io.krishnan,true,201,136.989666
100,LOAD-2026-08-21T11-52-13-N100-014,insp.singh,true,201,136.837958
100,LOAD-2026-08-21T11-52-13-N100-015,sho.reddy,true,201,179.315208
100,LOAD-2026-08-21T11-52-13-N100-016,insp.sharma,true,201,181.828417
100,LOAD-2026-08-21T11-52-13-N100-017,const.verma,true,201,232.513166
100,LOAD-2026-08-21T11-52-13-N100-018,io.krishnan,true,201,180.850291
100,LOAD-2026-08-21T11-52-13-N100-019,insp.singh,true,201,181.294917
100,LOAD-2026-08-21T11-52-13-N100-020,sho.reddy,true,201,177.909667
100,LOAD-2026-08-21T11-52-13-N100-021,insp.sharma,true,201,179.29475
100,LOAD-2026-08-21T11-52-13-N100-022,const.verma,true,201,253.044125
100,LOAD-2026-08-21T11-52-13-N100-023,io.krishnan,true,201,233.656375
100,LOAD-2026-08-21T11-52-13-N100-024,insp.singh,true,201,233.96475
100,LOAD-2026-08-21T11-52-13-N100-025,sho.reddy,true,201,183.70525
100,LOAD-2026-08-21T11-52-13-N100-026,insp.sharma,true,201,232.599458
100,LOAD-2026-08-21T11-52-13-N100-027,const.verma,true,201,232.253333
100,LOAD-2026-08-21T11-52-13-N100-028,io.krishnan,true,201,230.044792
100,LOAD-2026-08-21T11-52-13-N100-029,insp.singh,true,201,253.226209
100,LOAD-2026-08-21T11-52-13-N100-030,sho.reddy,true,201,229.03
100,LOAD-2026-08-21T11-52-13-N100-031,insp.sharma,true,201,253.960292
100,LOAD-2026-08-21T11-52-13-N100-032,const.verma,true,201,230.999458
100,LOAD-2026-08-21T11-52-13-N100-033,io.krishnan,true,201,290.933666
100,LOAD-2026-08-21T11-52-13-N100-034,insp.singh,true,201,254.872667
100,LOAD-2026-08-21T11-52-13-N100-035,sho.reddy,true,201,254.09025
100,LOAD-2026-08-21T11-52-13-N100-036,insp.sharma,true,201,253.162416
100,LOAD-2026-08-21T11-52-13-N100-037,const.verma,true,201,318.883791
100,LOAD-2026-08-21T11-52-13-N100-038,io.krishnan,true,201,287.935208
100,LOAD-2026-08-21T11-52-13-N100-039,insp.singh,true,201,255.278
100,LOAD-2026-08-21T11-52-13-N100-040,sho.reddy,true,201,251.135458
100,LOAD-2026-08-21T11-52-13-N100-041,insp.sharma,true,201,291.594834
100,LOAD-2026-08-21T11-52-13-N100-042,const.verma,true,201,319.524541
100,LOAD-2026-08-21T11-52-13-N100-043,io.krishnan,true,201,287.711791
100,LOAD-2026-08-21T11-52-13-N100-044,insp.singh,true,201,255.225125
100,LOAD-2026-08-21T11-52-13-N100-045,sho.reddy,true,201,290.975334
100,LOAD-2026-08-21T11-52-13-N100-046,insp.sharma,true,201,287.88625
100,LOAD-2026-08-21T11-52-13-N100-047,const.verma,true,201,286.67675
100,LOAD-2026-08-21T11-52-13-N100-048,io.krishnan,true,201,290.179833
100,LOAD-2026-08-21T11-52-13-N100-049,insp.singh,true,201,255.2675
100,LOAD-2026-08-21T11-52-13-N100-050,sho.reddy,true,201,318.682334
100,LOAD-2026-08-21T11-52-13-N100-051,insp.sharma,true,201,319.019834
100,LOAD-2026-08-21T11-52-13-N100-052,const.verma,true,201,288.909
100,LOAD-2026-08-21T11-52-13-N100-053,io.krishnan,true,201,319.7675
100,LOAD-2026-08-21T11-52-13-N100-054,insp.singh,true,201,320.431667
100,LOAD-2026-08-21T11-52-13-N100-055,sho.reddy,true,201,401.971917
100,LOAD-2026-08-21T11-52-13-N100-056,insp.sharma,true,201,296.27775
100,LOAD-2026-08-21T11-52-13-N100-057,const.verma,true,201,369.331792
100,LOAD-2026-08-21T11-52-13-N100-058,io.krishnan,true,201,348.257542
100,LOAD-2026-08-21T11-52-13-N100-059,insp.singh,true,201,346.835625
100,LOAD-2026-08-21T11-52-13-N100-060,sho.reddy,true,201,399.889459
100,LOAD-2026-08-21T11-52-13-N100-061,insp.sharma,true,201,371.583625
100,LOAD-2026-08-21T11-52-13-N100-062,const.verma,true,201,400.218291
100,LOAD-2026-08-21T11-52-13-N100-063,io.krishnan,true,201,372.576542
100,LOAD-2026-08-21T11-52-13-N100-064,insp.singh,true,201,372.113792
100,LOAD-2026-08-21T11-52-13-N100-065,sho.reddy,true,201,371.592458
100,LOAD-2026-08-21T11-52-13-N100-066,insp.sharma,true,201,349.035459
100,LOAD-2026-08-21T11-52-13-N100-067,const.verma,true,201,346.866167
100,LOAD-2026-08-21T11-52-13-N100-068,io.krishnan,true,201,398.642708
100,LOAD-2026-08-21T11-52-13-N100-069,insp.singh,true,201,400.430667
100,LOAD-2026-08-21T11-52-13-N100-070,sho.reddy,true,201,368.7885
100,LOAD-2026-08-21T11-52-13-N100-071,insp.sharma,true,201,369.148708
100,LOAD-2026-08-21T11-52-13-N100-072,const.verma,true,201,399.758333
100,LOAD-2026-08-21T11-52-13-N100-073,io.krishnan,true,201,347.860583
100,LOAD-2026-08-21T11-52-13-N100-074,insp.singh,true,201,401.013542
100,LOAD-2026-08-21T11-52-13-N100-075,sho.reddy,true,201,370.106333
100,LOAD-2026-08-21T11-52-13-N100-076,insp.sharma,true,201,369.674333
100,LOAD-2026-08-21T11-52-13-N100-077,const.verma,true,201,369.043083
100,LOAD-2026-08-21T11-52-13-N100-078,io.krishnan,true,201,437.558834
100,LOAD-2026-08-21T11-52-13-N100-079,insp.singh,true,201,464.827
100,LOAD-2026-08-21T11-52-13-N100-080,sho.reddy,true,201,465.112125
100,LOAD-2026-08-21T11-52-13-N100-081,insp.sharma,true,201,435.452166
100,LOAD-2026-08-21T11-52-13-N100-082,const.verma,true,201,515.731416
100,LOAD-2026-08-21T11-52-13-N100-083,io.krishnan,true,201,462.629583
100,LOAD-2026-08-21T11-52-13-N100-084,insp.singh,true,201,436.233292
100,LOAD-2026-08-21T11-52-13-N100-085,sho.reddy,true,201,492.742417
100,LOAD-2026-08-21T11-52-13-N100-086,insp.sharma,true,201,492.338375
100,LOAD-2026-08-21T11-52-13-N100-087,const.verma,true,201,436.383125
100,LOAD-2026-08-21T11-52-13-N100-088,io.krishnan,true,201,465.697042
100,LOAD-2026-08-21T11-52-13-N100-089,insp.singh,true,201,463.523791
100,LOAD-2026-08-21T11-52-13-N100-090,sho.reddy,true,201,492.768209
100,LOAD-2026-08-21T11-52-13-N100-091,insp.sharma,true,201,464.635459
100,LOAD-2026-08-21T11-52-13-N100-092,const.verma,true,201,465.139708
100,LOAD-2026-08-21T11-52-13-N100-093,io.krishnan,true,201,492.905208
100,LOAD-2026-08-21T11-52-13-N100-094,insp.singh,true,201,490.209541
100,LOAD-2026-08-21T11-52-13-N100-095,sho.reddy,true,201,490.851625
100,LOAD-2026-08-21T11-52-13-N100-096,insp.sharma,true,201,490.234209
100,LOAD-2026-08-21T11-52-13-N100-097,const.verma,true,201,488.884917
100,LOAD-2026-08-21T11-52-13-N100-098,io.krishnan,true,201,464.2385
100,LOAD-2026-08-21T11-52-13-N100-099,insp.singh,true,201,464.357208
