machine,container,cpu_mean_cores,cpu_max_cores,mem_max_mb,samples
m1,ca-orderer,0.0,0.0048,9.0,3023
m1,ca-police,0.0,0.0064,10.4,3023
m1,cadvisor-m1,0.0008,0.017,28.0,3023
m1,couchdb-police,0.0208,0.7133,146.1,3023
m1,dev-peer0.police.example.com-diasrecords_2.3-adc3472e0c7f6d13d4110347673ef872d67a85cc3bf855bedad93020a127f59f,0.0007,0.1639,85.4,3023
m1,node-exporter-m1,0.0023,0.0288,10.8,3023
m1,orderer1.example.com,0.005,0.1195,113.2,3023
m1,peer0.police.example.com,0.0227,0.5607,248.3,3023
m2,ca-forensics,0.0,0.0042,9.5,3023
m2,ca-prosecution,0.0,0.0047,9.3,3023
m2,cadvisor-m2,0.0008,0.02,28.4,3023
m2,couchdb-forensics,0.0192,0.7186,138.6,3023
m2,couchdb-prosecution,0.0192,0.7466,138.5,3023
m2,dev-peer0.forensics.example.com-diasrecords_2.3-adc3472e0c7f6d13d4110347673ef872d67a85cc3bf855bedad93020a127f59f,0.0006,0.1491,80.8,3023
m2,dev-peer0.prosecution.example.com-diasrecords_2.3-adc3472e0c7f6d13d4110347673ef872d67a85cc3bf855bedad93020a127f59f,0.0006,0.1385,80.3,3023
m2,node-exporter-m2,0.0018,0.0241,10.9,3023
m2,orderer2.example.com,0.0038,0.0917,106.1,3023
m2,peer0.forensics.example.com,0.0209,0.3231,228.0,3023
m2,peer0.prosecution.example.com,0.0208,0.3314,225.3,3023
m3,ca-audit,0.0,0.005,9.2,3023
m3,ca-court,0.0,0.0056,9.3,3023
m3,cadvisor-m3,0.0008,0.0268,41.4,3023
m3,couchdb-audit,0.0198,0.7982,191.4,3023
m3,couchdb-court,0.0196,0.6678,144.0,3023
m3,dev-peer0.audit.example.com-diasrecords_2.3-adc3472e0c7f6d13d4110347673ef872d67a85cc3bf855bedad93020a127f59f,0.0013,0.1504,101.4,3023
m3,dev-peer0.court.example.com-diasrecords_2.3-adc3472e0c7f6d13d4110347673ef872d67a85cc3bf855bedad93020a127f59f,0.0006,0.1252,81.8,3023
m3,node-exporter-m3,0.0024,0.0263,22.1,3023
m3,orderer3.example.com,0.0039,0.1088,80.6,3023
m3,peer0.audit.example.com,0.0218,0.5125,240.5,3023
m3,peer0.court.example.com,0.0208,0.3762,235.4,3023
m4,cadvisor-m4,0.0007,0.0272,28.3,3023
m4,dias-backend,0.0039,0.5184,116.8,3023
m4,loadgen-reuse,0.0123,0.0824,78.3,3022
m4,node-exporter-m4,0.0018,0.0279,11.1,3023
m4,prometheus,0.0104,0.0496,170.0,3023
