epoch_s,power_source,battery_pct,powermode
1790344185,AC Power,100,2
1790344215,AC Power,100,2
1790344245,AC Power,100,2
1790344275,AC Power,100,2
1790344306,AC Power,100,2
1790344336,AC Power,100,2
1790344366,AC Power,100,2
1790344396,AC Power,100,2
1790344426,AC Power,100,2
1790344456,AC Power,100,2
1790344486,AC Power,100,2
1790344516,AC Power,100,2
1790344546,AC Power,100,2
1790344576,AC Power,100,2
1790344606,AC Power,100,2
1790344636,AC Power,100,2
1790344666,AC Power,100,2
1790344696,AC Power,100,2
1790344726,AC Power,100,2
1790344756,AC Power,100,2
1790344786,AC Power,100,2
1790344816,AC Power,100,2
1790344846,AC Power,100,2
1790344877,AC Power,100,2
1790344907,AC Power,100,2
1790344937,AC Power,100,2
1790344967,AC Power,100,2
1790344997,AC Power,100,2
1790345027,AC Power,100,2
1790345057,AC Power,100,2
1790345087,AC Power,100,2
1790345117,AC Power,100,2
1790345147,AC Power,100,2
1790345177,AC Power,100,2
1790345207,AC Power,100,2
1790345237,AC Power,100,2
1790345267,AC Power,100,2
1790345297,AC Power,100,2
1790345327,AC Power,100,2
1790345357,AC Power,100,2
1790345387,AC Power,100,2
1790345417,AC Power,100,2
1790345447,AC Power,100,2
1790345478,AC Power,100,2
1790345508,AC Power,100,2
1790345538,AC Power,100,2
1790345568,AC Power,100,2
1790345598,AC Power,100,2
1790345628,AC Power,100,2
1790345658,AC Power,100,2
1790345688,AC Power,100,2
1790345718,AC Power,100,2
1790345748,AC Power,100,2
1790345778,AC Power,100,2
1790345808,AC Power,100,2
1790345838,AC Power,100,2
1790345868,AC Power,100,2
1790345898,AC Power,100,2
1790345928,AC Power,100,2
1790345958,AC Power,100,2
1790345988,AC Power,100,2
1790346019,AC Power,100,2
1790346049,AC Power,100,2
1790346079,AC Power,100,2
1790346109,AC Power,100,2
1790346139,AC Power,100,2
1790346169,AC Power,100,2
1790346199,AC Power,100,2
1790346229,AC Power,100,2
1790346259,AC Power,100,2
1790346289,AC Power,100,2
1790346319,AC Power,100,2
1790346349,AC Power,100,2
1790346379,AC Power,100,2
1790346409,AC Power,100,2
1790346439,AC Power,100,2
1790346469,AC Power,100,2
1790346499,AC Power,100,2
1790346529,AC Power,100,2
1790346559,AC Power,100,2
1790346590,AC Power,100,2
1790346620,AC Power,100,2
1790346650,AC Power,100,2
1790346680,AC Power,100,2
1790346710,AC Power,100,2
1790346740,AC Power,100,2
1790346770,AC Power,100,2
1790346800,AC Power,100,2
1790346830,AC Power,100,2
1790346860,AC Power,100,2
1790346890,AC Power,100,2
1790346920,AC Power,100,2
1790346950,AC Power,100,2
1790346980,AC Power,100,2
1790347010,AC Power,100,2
1790347040,AC Power,100,2
1790347070,AC Power,100,2
1790347100,AC Power,100,2
1790347130,AC Power,100,2
1790347161,AC Power,100,2
1790347191,AC Power,100,2
1790347221,AC Power,100,2
1790347251,AC Power,100,2
1790347281,AC Power,100,2
1790347311,AC Power,100,2
1790347341,AC Power,100,2
1790347371,AC Power,100,2
1790347401,AC Power,100,2
1790347431,AC Power,100,2
1790347461,AC Power,100,2
1790347491,AC Power,100,2
1790347521,AC Power,100,2
1790347551,AC Power,100,2
1790347581,AC Power,100,2
1790347611,AC Power,100,2
1790347641,AC Power,100,2
1790347671,AC Power,100,2
1790347702,AC Power,100,2
1790347732,AC Power,100,2
1790347762,AC Power,100,2
1790347792,AC Power,100,2
1790347822,AC Power,100,2
1790347852,AC Power,100,2
1790347882,AC Power,100,2
1790347912,AC Power,100,2
1790347942,AC Power,100,2
1790347972,AC Power,100,2
1790348002,AC Power,100,2
1790348032,AC Power,100,2
1790348062,AC Power,100,2
1790348092,AC Power,100,2
1790348122,AC Power,100,2
1790348152,AC Power,100,2
1790348182,AC Power,100,2
1790348212,AC Power,100,2
1790348243,AC Power,100,2
1790348273,AC Power,100,2
1790348303,AC Power,100,2
1790348333,AC Power,100,2
1790348363,AC Power,100,2
1790348393,AC Power,100,2
1790348423,AC Power,100,2
1790348453,AC Power,100,2
1790348483,AC Power,100,2
1790348513,AC Power,100,2
1790348543,AC Power,100,2
1790348573,AC Power,100,2
1790348603,AC Power,100,2
1790348633,AC Power,100,2
1790348663,AC Power,100,2
1790348693,AC Power,100,2
1790348723,AC Power,100,2
1790348753,AC Power,100,2
1790348783,AC Power,100,2
1790348814,AC Power,100,2
1790348844,AC Power,100,2
1790348874,AC Power,100,2
1790348904,AC Power,100,2
1790348934,AC Power,100,2
1790348964,AC Power,100,2
1790348994,AC Power,100,2
1790349024,AC Power,100,2
1790349054,AC Power,100,2
1790349084,AC Power,100,2
1790349114,AC Power,100,2
1790349144,AC Power,100,2
1790349174,AC Power,100,2
1790349204,AC Power,100,2
1790349234,AC Power,100,2
1790349264,AC Power,100,2
1790349294,AC Power,100,2
1790349324,AC Power,100,2
1790349355,AC Power,100,2
1790349385,AC Power,100,2
1790349415,AC Power,100,2
1790349445,AC Power,100,2
1790349475,AC Power,100,2
1790349505,AC Power,100,2
1790349535,AC Power,100,2
1790349565,AC Power,100,2
1790349595,AC Power,100,2
1790349625,AC Power,100,2
1790349655,AC Power,100,2
1790349685,AC Power,100,2
1790349715,AC Power,100,2
1790349745,AC Power,100,2
1790349775,AC Power,100,2
1790349805,AC Power,100,2
1790349835,AC Power,100,2
1790349865,AC Power,100,2
1790349896,AC Power,100,2
1790349926,AC Power,100,2
1790349956,AC Power,100,2
1790349986,AC Power,100,2
1790350016,AC Power,100,2
1790350046,AC Power,100,2
1790350076,AC Power,100,2
1790350106,AC Power,100,2
1790350136,AC Power,100,2
1790350166,AC Power,100,2
1790350196,AC Power,100,2
1790350226,AC Power,100,2
1790350256,AC Power,100,2
1790350286,AC Power,100,2
1790350316,AC Power,100,2
1790350346,AC Power,100,2
1790350376,AC Power,100,2
1790350406,AC Power,100,2
1790350437,AC Power,100,2
1790350467,AC Power,100,2
1790350497,AC Power,100,2
1790350527,AC Power,100,2
1790350557,AC Power,100,2
1790350587,AC Power,100,2
1790350617,AC Power,100,2
1790350647,AC Power,100,2
1790350677,AC Power,100,2
1790350707,AC Power,100,2
1790350737,AC Power,100,2
1790350767,AC Power,100,2
1790350797,AC Power,100,2
1790350827,AC Power,100,2
1790350857,AC Power,100,2
1790350887,AC Power,100,2
1790350917,AC Power,100,2
1790350947,AC Power,100,2
1790350978,AC Power,100,2
1790351008,AC Power,100,2
1790351038,AC Power,100,2
1790351068,AC Power,100,2
1790351098,AC Power,100,2
1790351128,AC Power,100,2
1790351158,AC Power,100,2
1790351188,AC Power,100,2
1790351218,AC Power,100,2
1790351248,AC Power,100,2
1790351278,AC Power,100,2
1790351308,AC Power,100,2
1790351338,AC Power,100,2
1790351368,AC Power,100,2
1790351398,AC Power,100,2
1790351428,AC Power,100,2
1790351458,AC Power,100,2
1790351488,AC Power,100,2
1790351519,AC Power,100,2
1790351549,AC Power,100,2
1790351579,AC Power,100,2
1790351609,AC Power,100,2
1790351639,AC Power,100,2
1790351669,AC Power,100,2
1790351699,AC Power,100,2
1790351729,AC Power,100,2
1790351759,AC Power,100,2
1790351789,AC Power,100,2
1790351819,AC Power,100,2
1790351849,AC Power,100,2
1790351879,AC Power,100,2
1790351909,AC Power,100,2
1790351939,AC Power,100,2
1790351969,AC Power,100,2
1790351999,AC Power,100,2
1790352029,AC Power,100,2
1790352059,AC Power,100,2
1790352090,AC Power,100,2
1790352120,AC Power,100,2
1790352150,AC Power,100,2
1790352180,AC Power,100,2
1790352210,AC Power,100,2
1790352240,AC Power,100,2
1790352270,AC Power,100,2
1790352300,AC Power,100,2
1790352330,AC Power,100,2
1790352360,AC Power,100,2
1790352390,AC Power,100,2
1790352420,AC Power,100,2
1790352450,AC Power,100,2
1790352480,AC Power,100,2
1790352510,AC Power,100,2
1790352540,AC Power,100,2
1790352570,AC Power,100,2
1790352600,AC Power,100,2
1790352631,AC Power,100,2
1790352661,AC Power,100,2
1790352691,AC Power,100,2
1790352721,AC Power,100,2
1790352751,AC Power,100,2
1790352781,AC Power,100,2
1790352811,AC Power,100,2
1790352841,AC Power,100,2
1790352871,AC Power,100,2
1790352901,AC Power,100,2
1790352931,AC Power,100,2
1790352961,AC Power,100,2
1790352991,AC Power,100,2
1790353021,AC Power,100,2
1790353051,AC Power,100,2
1790353081,AC Power,100,2
1790353111,AC Power,100,2
1790353141,AC Power,100,2
1790353172,AC Power,100,2
1790353202,AC Power,100,2
1790353232,AC Power,100,2
1790353262,AC Power,100,2
1790353292,AC Power,100,2
1790353322,AC Power,100,2
1790353352,AC Power,100,2
1790353382,AC Power,100,2
1790353412,AC Power,100,2
1790353442,AC Power,100,2
1790353472,AC Power,100,2
1790353502,AC Power,100,2
1790353532,AC Power,100,2
1790353562,AC Power,100,2
1790353592,AC Power,100,2
1790353622,AC Power,100,2
1790353652,AC Power,100,2
1790353683,AC Power,100,2
1790353713,AC Power,100,2
1790353743,AC Power,100,2
1790353773,AC Power,100,2
1790353803,AC Power,100,2
1790353833,AC Power,100,2
1790353863,AC Power,100,2
1790353893,AC Power,100,2
1790353923,AC Power,100,2
1790353953,AC Power,100,2
1790353983,AC Power,100,2
1790354013,AC Power,100,2
1790354043,AC Power,100,2
1790354073,AC Power,100,2
1790354103,AC Power,100,2
1790354133,AC Power,100,2
1790354163,AC Power,100,2
1790354193,AC Power,100,2
1790354223,AC Power,100,2
1790354253,AC Power,100,2
1790354284,AC Power,100,2
1790354314,AC Power,100,2
1790354344,AC Power,100,2
1790354374,AC Power,100,2
1790354404,AC Power,100,2
1790354434,AC Power,100,2
1790354464,AC Power,100,2
1790354494,AC Power,100,2
1790354524,AC Power,100,2
1790354554,AC Power,100,2
1790354584,AC Power,100,2
1790354614,AC Power,100,2
1790354644,AC Power,100,2
1790354674,AC Power,100,2
1790354704,AC Power,100,2
1790354734,AC Power,100,2
1790354764,AC Power,100,2
1790354794,AC Power,100,2
1790354824,AC Power,100,2
1790354855,AC Power,100,2
1790354885,AC Power,100,2
1790354915,AC Power,100,2
1790354945,AC Power,100,2
1790354975,AC Power,100,2
1790355005,AC Power,100,2
1790355035,AC Power,100,2
1790355065,AC Power,100,2
1790355095,AC Power,100,2
1790355125,AC Power,100,2
1790355155,AC Power,100,2
1790355185,AC Power,100,2
1790355215,AC Power,100,2
1790355245,AC Power,100,2
1790355275,AC Power,100,2
1790355305,AC Power,100,2
1790355335,AC Power,100,2
1790355365,AC Power,100,2
1790355395,AC Power,100,2
1790355425,AC Power,100,2
1790355456,AC Power,100,2
1790355486,AC Power,100,2
1790355516,AC Power,100,2
1790355546,AC Power,100,2
1790355576,AC Power,100,2
1790355606,AC Power,100,2
1790355636,AC Power,100,2
1790355666,AC Power,100,2
1790355696,AC Power,100,2
1790355726,AC Power,100,2
1790355756,AC Power,100,2
1790355786,AC Power,100,2
1790355816,AC Power,100,2
1790355846,AC Power,100,2
1790355876,AC Power,100,2
1790355906,AC Power,100,2
1790355936,AC Power,100,2
1790355966,AC Power,100,2
1790355996,AC Power,100,2
1790356027,AC Power,100,2
1790356057,AC Power,100,2
1790356087,AC Power,100,2
1790356117,AC Power,100,2
1790356147,AC Power,100,2
1790356177,AC Power,100,2
1790356207,AC Power,100,2
1790356237,AC Power,100,2
1790356267,AC Power,100,2
1790356297,AC Power,100,2
1790356327,AC Power,100,2
1790356357,AC Power,100,2
1790356387,AC Power,100,2
1790356417,AC Power,100,2
1790356447,AC Power,100,2
1790356477,AC Power,100,2
1790356507,AC Power,100,2
1790356537,AC Power,100,2
1790356567,AC Power,100,2
1790356598,AC Power,100,2
1790356628,AC Power,100,2
1790356658,AC Power,100,2
1790356688,AC Power,100,2
1790356718,AC Power,100,2
1790356748,AC Power,100,2
1790356778,AC Power,100,2
1790356808,AC Power,100,2
1790356838,AC Power,100,2
1790356868,AC Power,100,2
1790356898,AC Power,100,2
1790356928,AC Power,100,2
1790356958,AC Power,100,2
1790356988,AC Power,100,2
1790357018,AC Power,100,2
1790357048,AC Power,100,2
1790357078,AC Power,100,2
1790357108,AC Power,100,2
1790357138,AC Power,100,2
1790357168,AC Power,100,2
1790357198,AC Power,100,2
1790357229,AC Power,100,2
1790357259,AC Power,100,2
1790357289,AC Power,100,2
1790357319,AC Power,100,2
1790357349,AC Power,100,2
1790357379,AC Power,100,2
1790357409,AC Power,100,2
1790357439,AC Power,100,2
1790357469,AC Power,100,2
1790357499,AC Power,100,2
1790357529,AC Power,100,2
1790357559,AC Power,100,2
1790357589,AC Power,100,2
1790357619,AC Power,100,2
1790357649,AC Power,100,2
1790357679,AC Power,100,2
1790357709,AC Power,100,2
1790357739,AC Power,100,2
1790357769,AC Power,100,2
1790357799,AC Power,100,2
1790357830,AC Power,100,2
1790357860,AC Power,100,2
1790357890,AC Power,100,2
1790357920,AC Power,100,2
1790357950,AC Power,100,2
1790357980,AC Power,100,2
1790358010,AC Power,100,2
1790358040,AC Power,100,2
1790358070,AC Power,100,2
1790358100,AC Power,100,2
1790358130,AC Power,100,2
1790358160,AC Power,100,2
1790358190,AC Power,100,2
1790358220,AC Power,100,2
1790358250,AC Power,100,2
1790358280,AC Power,100,2
1790358310,AC Power,100,2
1790358340,AC Power,100,2
1790358370,AC Power,100,2
1790358400,AC Power,100,2
1790358430,AC Power,100,2
1790358461,AC Power,100,2
1790358491,AC Power,100,2
1790358521,AC Power,100,2
1790358551,AC Power,100,2
1790358581,AC Power,100,2
1790358611,AC Power,100,2
1790358641,AC Power,100,2
1790358671,AC Power,100,2
1790358701,AC Power,100,2
1790358731,AC Power,100,2
1790358761,AC Power,100,2
1790358791,AC Power,100,2
1790358821,AC Power,100,2
1790358851,AC Power,100,2
1790358881,AC Power,100,2
1790358911,AC Power,100,2
1790358941,AC Power,100,2
1790358971,AC Power,100,2
1790359001,AC Power,100,2
1790359032,AC Power,100,2
1790359062,AC Power,100,2
1790359092,AC Power,100,2
1790359122,AC Power,100,2
1790359152,AC Power,100,2
1790359182,AC Power,100,2
1790359212,AC Power,100,2
1790359242,AC Power,100,2
1790359272,AC Power,100,2
1790359302,AC Power,100,2
1790359332,AC Power,100,2
1790359362,AC Power,100,2
